Sorafenib	caffeine	2	2
Sorafenib	succinic_acid	2	2
Sorafenib	octyl_gallate	2	2
Sorafenib	DL-malic_acid	2	2
Sorafenib	adipic_acid	2	2
Sorafenib	Triazabicyclodecene	2	2
Sorafenib	DBU	2	2
Sorafenib	L-asparagine	2	2
Sorafenib	theobromine	2	2
Sorafenib	3,3'-thiodipropionic_acid	2	2
Sorafenib	theophylline	2	2
Sorafenib	borneol	2	2
Sorafenib	cinnamaldehyde	2	2
Sorafenib	aspartame	2	2
Sorafenib	squalene	2	2
Sorafenib	benzaldehyde	2	2
Sorafenib	sodium_deoxycholate	2	2
Sorafenib	cholic_acid	2	2
Sorafenib	glycocholic_acid	2	2
Sorafenib	sucrose_octaacetate	2	2
Sorafenib	trans_anethole	2	2
Sorafenib	indomethacin	2	2
Sorafenib	terpinyl_butyrate	2	2
Sorafenib	hydrocortisone	2	2
Sorafenib	candesartan_cilexetil	2	2
Sorafenib	neohesperidin_DC	2	2
Sorafenib	ursodiol	2	2
Sorafenib	diclofenac	2	2
Sorafenib	eucalyptol	2	2
Sorafenib	beta_carotene	2	2
Sorafenib	menthol	2	2
Sorafenib	alpha-terpineol	2	2
Sorafenib	fenchyl_alcohol	2	2
Sorafenib	biotin	2	2
Sorafenib	xylitol	2	2
Sorafenib	trans-cinnamic_acid	2	2
Sorafenib	thimerosal	2	2
Sorafenib	tyramine	2	2
Sorafenib	fumaric_acid	2	2
Sorafenib	congo_red	2	2
Sorafenib	vanillin	2	2
Sorafenib	saccharin	2	2
Sorafenib	allantoin	2	2
Sorafenib	vitamin_A_palmitate	2	2
Sorafenib	acetylcholine_chloride	2	2
Sorafenib	dibutyl_phthalate	2	2
Sorafenib	trometamol	2	2
Sorafenib	benzoyl_peroxide	2	2
Sorafenib	triethyl_citrate	2	2
Sorafenib	triacetin	2	2
Sorafenib	glycerol	2	2
Sorafenib	propylene_glycol	2	2
Sorafenib	mebendazole	2	2
Sorafenib	L-proline	2	2
Sorafenib	L-lysine	2	2
Sorafenib	L-ascorbic_acid	2	2
Sorafenib	stearic_acid	2	2
Sorafenib	(R)-(+)-Limonene	2	2
Sorafenib	meglumine	2	2
Sorafenib	hydrochlorothiazide	2	2
Sorafenib	ketoprofen	2	2
Sorafenib	memantine_hydrochloride	2	2
Sorafenib	naproxen_sodium	2	2
Sorafenib	mannitol	2	2
Sorafenib	D-sorbitol	2	2
Sorafenib	tannic_acid	2	2
Sorafenib	rhodamine_B	2	2
Sorafenib	moxifloxacin	2	2
Sorafenib	ciprofloxacin	2	2
Sorafenib	certirizine	2	2
Sorafenib	budesonide	2	2
Sorafenib	etidronic_acid	2	2
Sorafenib	emtricitabine	2	2
Sorafenib	metoprolol(+)-tartrate	2	2
Sorafenib	phenytoin	2	2
Sorafenib	propranolol_hydrochloride	2	2
Sorafenib	captan	2	2
Sorafenib	neotame	2	2
Sorafenib	alendronate_sodium	2	2
Sorafenib	piroxicam	2	2
Sorafenib	desipramine_hydrochloride	2	2
Sorafenib	nadolol	2	2
Sorafenib	omeprazole	2	2
Sorafenib	labetalol_hydrochloride	2	2
Sorafenib	prednisone	2	2
Sorafenib	risperidone	2	2
Sorafenib	fluconazole	2	2
Sorafenib	methotrexate_hydrate	2	2
Sorafenib	tenofovir_alafenamide	2	2
Sorafenib	carbamazepine	2	2
Lumefantrine	caffeine	2	2
Lumefantrine	succinic_acid	2	2
Lumefantrine	octyl_gallate	2	2
Lumefantrine	DL-malic_acid	2	2
Lumefantrine	adipic_acid	2	2
Lumefantrine	Triazabicyclodecene	2	2
Lumefantrine	DBU	2	2
Lumefantrine	L-asparagine	2	2
Lumefantrine	theobromine	2	2
Lumefantrine	3,3'-thiodipropionic_acid	2	2
Lumefantrine	theophylline	2	2
Lumefantrine	borneol	2	2
Lumefantrine	cinnamaldehyde	2	2
Lumefantrine	aspartame	2	2
Lumefantrine	squalene	2	2
Lumefantrine	benzaldehyde	2	2
Lumefantrine	sodium_deoxycholate	2	2
Lumefantrine	cholic_acid	2	2
Lumefantrine	glycocholic_acid	2	2
Lumefantrine	sucrose_octaacetate	2	2
Lumefantrine	trans_anethole	2	2
Lumefantrine	indomethacin	2	2
Lumefantrine	terpinyl_butyrate	2	2
Lumefantrine	hydrocortisone	2	2
Lumefantrine	candesartan_cilexetil	2	2
Lumefantrine	neohesperidin_DC	2	2
Lumefantrine	ursodiol	2	2
Lumefantrine	diclofenac	2	2
Lumefantrine	eucalyptol	2	2
Lumefantrine	beta_carotene	2	2
Lumefantrine	menthol	2	2
Lumefantrine	alpha-terpineol	2	2
Lumefantrine	fenchyl_alcohol	2	2
Lumefantrine	biotin	2	2
Lumefantrine	xylitol	2	2
Lumefantrine	trans-cinnamic_acid	2	2
Lumefantrine	thimerosal	2	2
Lumefantrine	tyramine	2	2
Lumefantrine	fumaric_acid	2	2
Lumefantrine	congo_red	2	2
Lumefantrine	vanillin	2	2
Lumefantrine	saccharin	2	2
Lumefantrine	allantoin	2	2
Lumefantrine	vitamin_A_palmitate	2	2
Lumefantrine	acetylcholine_chloride	2	2
Lumefantrine	dibutyl_phthalate	2	2
Lumefantrine	trometamol	2	2
Lumefantrine	benzoyl_peroxide	2	2
Lumefantrine	triethyl_citrate	2	2
Lumefantrine	triacetin	2	2
Lumefantrine	glycerol	2	2
Lumefantrine	propylene_glycol	2	2
Lumefantrine	mebendazole	2	2
Lumefantrine	L-proline	2	2
Lumefantrine	L-lysine	2	2
Lumefantrine	L-ascorbic_acid	2	2
Lumefantrine	stearic_acid	2	2
Lumefantrine	(R)-(+)-Limonene	2	2
Lumefantrine	meglumine	2	2
Lumefantrine	hydrochlorothiazide	2	2
Lumefantrine	ketoprofen	2	2
Lumefantrine	memantine_hydrochloride	2	2
Lumefantrine	naproxen_sodium	2	2
Lumefantrine	mannitol	2	2
Lumefantrine	D-sorbitol	2	2
Lumefantrine	tannic_acid	2	2
Lumefantrine	rhodamine_B	2	2
Lumefantrine	moxifloxacin	2	2
Lumefantrine	ciprofloxacin	2	2
Lumefantrine	certirizine	2	2
Lumefantrine	budesonide	2	2
Lumefantrine	etidronic_acid	2	2
Lumefantrine	emtricitabine	2	2
Lumefantrine	metoprolol(+)-tartrate	2	2
Lumefantrine	phenytoin	2	2
Lumefantrine	propranolol_hydrochloride	2	2
Lumefantrine	captan	2	2
Lumefantrine	neotame	2	2
Lumefantrine	alendronate_sodium	2	2
Lumefantrine	piroxicam	2	2
Lumefantrine	desipramine_hydrochloride	2	2
Lumefantrine	nadolol	2	2
Lumefantrine	omeprazole	2	2
Lumefantrine	labetalol_hydrochloride	2	2
Lumefantrine	prednisone	2	2
Lumefantrine	risperidone	2	2
Lumefantrine	fluconazole	2	2
Lumefantrine	methotrexate_hydrate	2	2
Lumefantrine	tenofovir_alafenamide	2	2
Lumefantrine	carbamazepine	2	2
Atovaquone	caffeine	2	2
Atovaquone	succinic_acid	2	2
Atovaquone	octyl_gallate	2	2
Atovaquone	DL-malic_acid	2	2
Atovaquone	adipic_acid	2	2
Atovaquone	Triazabicyclodecene	2	2
Atovaquone	DBU	2	2
Atovaquone	L-asparagine	2	2
Atovaquone	theobromine	2	2
Atovaquone	3,3'-thiodipropionic_acid	2	2
Atovaquone	theophylline	2	2
Atovaquone	borneol	2	2
Atovaquone	cinnamaldehyde	2	2
Atovaquone	aspartame	2	2
Atovaquone	squalene	2	2
Atovaquone	benzaldehyde	2	2
Atovaquone	sodium_deoxycholate	2	2
Atovaquone	cholic_acid	2	2
Atovaquone	glycocholic_acid	2	2
Atovaquone	sucrose_octaacetate	2	2
Atovaquone	trans_anethole	2	2
Atovaquone	indomethacin	2	2
Atovaquone	terpinyl_butyrate	2	2
Atovaquone	hydrocortisone	2	2
Atovaquone	candesartan_cilexetil	2	2
Atovaquone	neohesperidin_DC	2	2
Atovaquone	ursodiol	2	2
Atovaquone	diclofenac	2	2
Atovaquone	eucalyptol	2	2
Atovaquone	beta_carotene	2	2
Atovaquone	menthol	2	2
Atovaquone	alpha-terpineol	2	2
Atovaquone	fenchyl_alcohol	2	2
Atovaquone	biotin	2	2
Atovaquone	xylitol	2	2
Atovaquone	trans-cinnamic_acid	2	2
Atovaquone	thimerosal	2	2
Atovaquone	tyramine	2	2
Atovaquone	fumaric_acid	2	2
Atovaquone	congo_red	2	2
Atovaquone	vanillin	2	2
Atovaquone	saccharin	2	2
Atovaquone	allantoin	2	2
Atovaquone	vitamin_A_palmitate	2	2
Atovaquone	acetylcholine_chloride	2	2
Atovaquone	dibutyl_phthalate	2	2
Atovaquone	trometamol	2	2
Atovaquone	benzoyl_peroxide	2	2
Atovaquone	triethyl_citrate	2	2
Atovaquone	triacetin	2	2
Atovaquone	glycerol	2	2
Atovaquone	propylene_glycol	2	2
Atovaquone	mebendazole	2	2
Atovaquone	L-proline	2	2
Atovaquone	L-lysine	2	2
Atovaquone	L-ascorbic_acid	2	2
Atovaquone	stearic_acid	2	2
Atovaquone	(R)-(+)-Limonene	2	2
Atovaquone	meglumine	2	2
Atovaquone	hydrochlorothiazide	2	2
Atovaquone	ketoprofen	2	2
Atovaquone	memantine_hydrochloride	2	2
Atovaquone	naproxen_sodium	2	2
Atovaquone	mannitol	2	2
Atovaquone	D-sorbitol	2	2
Atovaquone	tannic_acid	2	2
Atovaquone	rhodamine_B	2	2
Atovaquone	moxifloxacin	2	2
Atovaquone	ciprofloxacin	2	2
Atovaquone	certirizine	2	2
Atovaquone	budesonide	2	2
Atovaquone	etidronic_acid	2	2
Atovaquone	emtricitabine	2	2
Atovaquone	metoprolol(+)-tartrate	2	2
Atovaquone	phenytoin	2	2
Atovaquone	propranolol_hydrochloride	2	2
Atovaquone	captan	2	2
Atovaquone	neotame	2	2
Atovaquone	alendronate_sodium	2	2
Atovaquone	piroxicam	2	2
Atovaquone	desipramine_hydrochloride	2	2
Atovaquone	nadolol	2	2
Atovaquone	omeprazole	2	2
Atovaquone	labetalol_hydrochloride	2	2
Atovaquone	prednisone	2	2
Atovaquone	risperidone	2	2
Atovaquone	fluconazole	2	2
Atovaquone	methotrexate_hydrate	2	2
Atovaquone	tenofovir_alafenamide	2	2
Atovaquone	carbamazepine	2	2
Nelfinavir	caffeine	2	2
Nelfinavir	succinic_acid	2	2
Nelfinavir	octyl_gallate	2	2
Nelfinavir	DL-malic_acid	2	2
Nelfinavir	adipic_acid	2	2
Nelfinavir	Triazabicyclodecene	2	2
Nelfinavir	DBU	2	2
Nelfinavir	L-asparagine	2	2
Nelfinavir	theobromine	2	2
Nelfinavir	3,3'-thiodipropionic_acid	2	2
Nelfinavir	theophylline	2	2
Nelfinavir	borneol	2	2
Nelfinavir	cinnamaldehyde	2	2
Nelfinavir	aspartame	2	2
Nelfinavir	squalene	2	2
Nelfinavir	benzaldehyde	2	2
Nelfinavir	sodium_deoxycholate	2	2
Nelfinavir	cholic_acid	2	2
Nelfinavir	glycocholic_acid	2	2
Nelfinavir	sucrose_octaacetate	2	2
Nelfinavir	trans_anethole	2	2
Nelfinavir	indomethacin	2	2
Nelfinavir	terpinyl_butyrate	2	2
Nelfinavir	hydrocortisone	2	2
Nelfinavir	candesartan_cilexetil	2	2
Nelfinavir	neohesperidin_DC	2	2
Nelfinavir	ursodiol	2	2
Nelfinavir	diclofenac	2	2
Nelfinavir	eucalyptol	2	2
Nelfinavir	beta_carotene	2	2
Nelfinavir	menthol	2	2
Nelfinavir	alpha-terpineol	2	2
Nelfinavir	fenchyl_alcohol	2	2
Nelfinavir	biotin	2	2
Nelfinavir	xylitol	2	2
Nelfinavir	trans-cinnamic_acid	2	2
Nelfinavir	thimerosal	2	2
Nelfinavir	tyramine	2	2
Nelfinavir	fumaric_acid	2	2
Nelfinavir	congo_red	2	2
Nelfinavir	vanillin	2	2
Nelfinavir	saccharin	2	2
Nelfinavir	allantoin	2	2
Nelfinavir	vitamin_A_palmitate	2	2
Nelfinavir	acetylcholine_chloride	2	2
Nelfinavir	dibutyl_phthalate	2	2
Nelfinavir	trometamol	2	2
Nelfinavir	benzoyl_peroxide	2	2
Nelfinavir	triethyl_citrate	2	2
Nelfinavir	triacetin	2	2
Nelfinavir	glycerol	2	2
Nelfinavir	propylene_glycol	2	2
Nelfinavir	mebendazole	2	2
Nelfinavir	L-proline	2	2
Nelfinavir	L-lysine	2	2
Nelfinavir	L-ascorbic_acid	2	2
Nelfinavir	stearic_acid	2	2
Nelfinavir	(R)-(+)-Limonene	2	2
Nelfinavir	meglumine	2	2
Nelfinavir	hydrochlorothiazide	2	2
Nelfinavir	ketoprofen	2	2
Nelfinavir	memantine_hydrochloride	2	2
Nelfinavir	naproxen_sodium	2	2
Nelfinavir	mannitol	2	2
Nelfinavir	D-sorbitol	2	2
Nelfinavir	tannic_acid	2	2
Nelfinavir	rhodamine_B	2	2
Nelfinavir	moxifloxacin	2	2
Nelfinavir	ciprofloxacin	2	2
Nelfinavir	certirizine	2	2
Nelfinavir	budesonide	2	2
Nelfinavir	etidronic_acid	2	2
Nelfinavir	emtricitabine	2	2
Nelfinavir	metoprolol(+)-tartrate	2	2
Nelfinavir	phenytoin	2	2
Nelfinavir	propranolol_hydrochloride	2	2
Nelfinavir	captan	2	2
Nelfinavir	neotame	2	2
Nelfinavir	alendronate_sodium	2	2
Nelfinavir	piroxicam	2	2
Nelfinavir	desipramine_hydrochloride	2	2
Nelfinavir	nadolol	2	2
Nelfinavir	omeprazole	2	2
Nelfinavir	labetalol_hydrochloride	2	2
Nelfinavir	prednisone	2	2
Nelfinavir	risperidone	2	2
Nelfinavir	fluconazole	2	2
Nelfinavir	methotrexate_hydrate	2	2
Nelfinavir	tenofovir_alafenamide	2	2
Nelfinavir	carbamazepine	2	2
Gefitinib	caffeine	2	2
Gefitinib	succinic_acid	2	2
Gefitinib	octyl_gallate	2	2
Gefitinib	DL-malic_acid	2	2
Gefitinib	adipic_acid	2	2
Gefitinib	Triazabicyclodecene	2	2
Gefitinib	DBU	2	2
Gefitinib	L-asparagine	2	2
Gefitinib	theobromine	2	2
Gefitinib	3,3'-thiodipropionic_acid	2	2
Gefitinib	theophylline	2	2
Gefitinib	borneol	2	2
Gefitinib	cinnamaldehyde	2	2
Gefitinib	aspartame	2	2
Gefitinib	squalene	2	2
Gefitinib	benzaldehyde	2	2
Gefitinib	sodium_deoxycholate	2	2
Gefitinib	cholic_acid	2	2
Gefitinib	glycocholic_acid	2	2
Gefitinib	sucrose_octaacetate	2	2
Gefitinib	trans_anethole	2	2
Gefitinib	indomethacin	2	2
Gefitinib	terpinyl_butyrate	2	2
Gefitinib	hydrocortisone	2	2
Gefitinib	candesartan_cilexetil	2	2
Gefitinib	neohesperidin_DC	2	2
Gefitinib	ursodiol	2	2
Gefitinib	diclofenac	2	2
Gefitinib	eucalyptol	2	2
Gefitinib	beta_carotene	2	2
Gefitinib	menthol	2	2
Gefitinib	alpha-terpineol	2	2
Gefitinib	fenchyl_alcohol	2	2
Gefitinib	biotin	2	2
Gefitinib	xylitol	2	2
Gefitinib	trans-cinnamic_acid	2	2
Gefitinib	thimerosal	2	2
Gefitinib	tyramine	2	2
Gefitinib	fumaric_acid	2	2
Gefitinib	congo_red	2	2
Gefitinib	vanillin	2	2
Gefitinib	saccharin	2	2
Gefitinib	allantoin	2	2
Gefitinib	vitamin_A_palmitate	2	2
Gefitinib	acetylcholine_chloride	2	2
Gefitinib	dibutyl_phthalate	2	2
Gefitinib	trometamol	2	2
Gefitinib	benzoyl_peroxide	2	2
Gefitinib	triethyl_citrate	2	2
Gefitinib	triacetin	2	2
Gefitinib	glycerol	2	2
Gefitinib	propylene_glycol	2	2
Gefitinib	mebendazole	2	2
Gefitinib	L-proline	2	2
Gefitinib	L-lysine	2	2
Gefitinib	L-ascorbic_acid	2	2
Gefitinib	stearic_acid	2	2
Gefitinib	(R)-(+)-Limonene	2	2
Gefitinib	meglumine	2	2
Gefitinib	hydrochlorothiazide	2	2
Gefitinib	ketoprofen	2	2
Gefitinib	memantine_hydrochloride	2	2
Gefitinib	naproxen_sodium	2	2
Gefitinib	mannitol	2	2
Gefitinib	D-sorbitol	2	2
Gefitinib	tannic_acid	2	2
Gefitinib	rhodamine_B	2	2
Gefitinib	moxifloxacin	2	2
Gefitinib	ciprofloxacin	2	2
Gefitinib	certirizine	2	2
Gefitinib	budesonide	2	2
Gefitinib	etidronic_acid	2	2
Gefitinib	emtricitabine	2	2
Gefitinib	metoprolol(+)-tartrate	2	2
Gefitinib	phenytoin	2	2
Gefitinib	propranolol_hydrochloride	2	2
Gefitinib	captan	2	2
Gefitinib	neotame	2	2
Gefitinib	alendronate_sodium	2	2
Gefitinib	piroxicam	2	2
Gefitinib	desipramine_hydrochloride	2	2
Gefitinib	nadolol	2	2
Gefitinib	omeprazole	2	2
Gefitinib	labetalol_hydrochloride	2	2
Gefitinib	prednisone	2	2
Gefitinib	risperidone	2	2
Gefitinib	fluconazole	2	2
Gefitinib	methotrexate_hydrate	2	2
Gefitinib	tenofovir_alafenamide	2	2
Gefitinib	carbamazepine	2	2
Fulvestrant	caffeine	2	2
Fulvestrant	succinic_acid	2	2
Fulvestrant	octyl_gallate	2	2
Fulvestrant	DL-malic_acid	2	2
Fulvestrant	adipic_acid	2	2
Fulvestrant	Triazabicyclodecene	2	2
Fulvestrant	DBU	2	2
Fulvestrant	L-asparagine	2	2
Fulvestrant	theobromine	2	2
Fulvestrant	3,3'-thiodipropionic_acid	2	2
Fulvestrant	theophylline	2	2
Fulvestrant	borneol	2	2
Fulvestrant	cinnamaldehyde	2	2
Fulvestrant	aspartame	2	2
Fulvestrant	squalene	2	2
Fulvestrant	benzaldehyde	2	2
Fulvestrant	sodium_deoxycholate	2	2
Fulvestrant	cholic_acid	2	2
Fulvestrant	glycocholic_acid	2	2
Fulvestrant	sucrose_octaacetate	2	2
Fulvestrant	trans_anethole	2	2
Fulvestrant	indomethacin	2	2
Fulvestrant	terpinyl_butyrate	2	2
Fulvestrant	hydrocortisone	2	2
Fulvestrant	candesartan_cilexetil	2	2
Fulvestrant	neohesperidin_DC	2	2
Fulvestrant	ursodiol	2	2
Fulvestrant	diclofenac	2	2
Fulvestrant	eucalyptol	2	2
Fulvestrant	beta_carotene	2	2
Fulvestrant	menthol	2	2
Fulvestrant	alpha-terpineol	2	2
Fulvestrant	fenchyl_alcohol	2	2
Fulvestrant	biotin	2	2
Fulvestrant	xylitol	2	2
Fulvestrant	trans-cinnamic_acid	2	2
Fulvestrant	thimerosal	2	2
Fulvestrant	tyramine	2	2
Fulvestrant	fumaric_acid	2	2
Fulvestrant	congo_red	2	2
Fulvestrant	vanillin	2	2
Fulvestrant	saccharin	2	2
Fulvestrant	allantoin	2	2
Fulvestrant	vitamin_A_palmitate	2	2
Fulvestrant	acetylcholine_chloride	2	2
Fulvestrant	dibutyl_phthalate	2	2
Fulvestrant	trometamol	2	2
Fulvestrant	benzoyl_peroxide	2	2
Fulvestrant	triethyl_citrate	2	2
Fulvestrant	triacetin	2	2
Fulvestrant	glycerol	2	2
Fulvestrant	propylene_glycol	2	2
Fulvestrant	mebendazole	2	2
Fulvestrant	L-proline	2	2
Fulvestrant	L-lysine	2	2
Fulvestrant	L-ascorbic_acid	2	2
Fulvestrant	stearic_acid	2	2
Fulvestrant	(R)-(+)-Limonene	2	2
Fulvestrant	meglumine	2	2
Fulvestrant	hydrochlorothiazide	2	2
Fulvestrant	ketoprofen	2	2
Fulvestrant	memantine_hydrochloride	2	2
Fulvestrant	naproxen_sodium	2	2
Fulvestrant	mannitol	2	2
Fulvestrant	D-sorbitol	2	2
Fulvestrant	tannic_acid	2	2
Fulvestrant	rhodamine_B	2	2
Fulvestrant	moxifloxacin	2	2
Fulvestrant	ciprofloxacin	2	2
Fulvestrant	certirizine	2	2
Fulvestrant	budesonide	2	2
Fulvestrant	etidronic_acid	2	2
Fulvestrant	emtricitabine	2	2
Fulvestrant	metoprolol(+)-tartrate	2	2
Fulvestrant	phenytoin	2	2
Fulvestrant	propranolol_hydrochloride	2	2
Fulvestrant	captan	2	2
Fulvestrant	neotame	2	2
Fulvestrant	alendronate_sodium	2	2
Fulvestrant	piroxicam	2	2
Fulvestrant	desipramine_hydrochloride	2	2
Fulvestrant	nadolol	2	2
Fulvestrant	omeprazole	2	2
Fulvestrant	labetalol_hydrochloride	2	2
Fulvestrant	prednisone	2	2
Fulvestrant	risperidone	2	2
Fulvestrant	fluconazole	2	2
Fulvestrant	methotrexate_hydrate	2	2
Fulvestrant	tenofovir_alafenamide	2	2
Fulvestrant	carbamazepine	2	2
Rapamycin	caffeine	2	2
Rapamycin	succinic_acid	2	2
Rapamycin	octyl_gallate	2	2
Rapamycin	DL-malic_acid	2	2
Rapamycin	adipic_acid	2	2
Rapamycin	Triazabicyclodecene	2	2
Rapamycin	DBU	2	2
Rapamycin	L-asparagine	2	2
Rapamycin	theobromine	2	2
Rapamycin	3,3'-thiodipropionic_acid	2	2
Rapamycin	theophylline	2	2
Rapamycin	borneol	2	2
Rapamycin	cinnamaldehyde	2	2
Rapamycin	aspartame	2	2
Rapamycin	squalene	2	2
Rapamycin	benzaldehyde	2	2
Rapamycin	sodium_deoxycholate	2	2
Rapamycin	cholic_acid	2	2
Rapamycin	glycocholic_acid	2	2
Rapamycin	sucrose_octaacetate	2	2
Rapamycin	trans_anethole	2	2
Rapamycin	indomethacin	2	2
Rapamycin	terpinyl_butyrate	2	2
Rapamycin	hydrocortisone	2	2
Rapamycin	candesartan_cilexetil	2	2
Rapamycin	neohesperidin_DC	2	2
Rapamycin	ursodiol	2	2
Rapamycin	diclofenac	2	2
Rapamycin	eucalyptol	2	2
Rapamycin	beta_carotene	2	2
Rapamycin	menthol	2	2
Rapamycin	alpha-terpineol	2	2
Rapamycin	fenchyl_alcohol	2	2
Rapamycin	biotin	2	2
Rapamycin	xylitol	2	2
Rapamycin	trans-cinnamic_acid	2	2
Rapamycin	thimerosal	2	2
Rapamycin	tyramine	2	2
Rapamycin	fumaric_acid	2	2
Rapamycin	congo_red	2	2
Rapamycin	vanillin	2	2
Rapamycin	saccharin	2	2
Rapamycin	allantoin	2	2
Rapamycin	vitamin_A_palmitate	2	2
Rapamycin	acetylcholine_chloride	2	2
Rapamycin	dibutyl_phthalate	2	2
Rapamycin	trometamol	2	2
Rapamycin	benzoyl_peroxide	2	2
Rapamycin	triethyl_citrate	2	2
Rapamycin	triacetin	2	2
Rapamycin	glycerol	2	2
Rapamycin	propylene_glycol	2	2
Rapamycin	mebendazole	2	2
Rapamycin	L-proline	2	2
Rapamycin	L-lysine	2	2
Rapamycin	L-ascorbic_acid	2	2
Rapamycin	stearic_acid	2	2
Rapamycin	(R)-(+)-Limonene	2	2
Rapamycin	meglumine	2	2
Rapamycin	hydrochlorothiazide	2	2
Rapamycin	ketoprofen	2	2
Rapamycin	memantine_hydrochloride	2	2
Rapamycin	naproxen_sodium	2	2
Rapamycin	mannitol	2	2
Rapamycin	D-sorbitol	2	2
Rapamycin	tannic_acid	2	2
Rapamycin	rhodamine_B	2	2
Rapamycin	moxifloxacin	2	2
Rapamycin	ciprofloxacin	2	2
Rapamycin	certirizine	2	2
Rapamycin	budesonide	2	2
Rapamycin	etidronic_acid	2	2
Rapamycin	emtricitabine	2	2
Rapamycin	metoprolol(+)-tartrate	2	2
Rapamycin	phenytoin	2	2
Rapamycin	propranolol_hydrochloride	2	2
Rapamycin	captan	2	2
Rapamycin	neotame	2	2
Rapamycin	alendronate_sodium	2	2
Rapamycin	piroxicam	2	2
Rapamycin	desipramine_hydrochloride	2	2
Rapamycin	nadolol	2	2
Rapamycin	omeprazole	2	2
Rapamycin	labetalol_hydrochloride	2	2
Rapamycin	prednisone	2	2
Rapamycin	risperidone	2	2
Rapamycin	fluconazole	2	2
Rapamycin	methotrexate_hydrate	2	2
Rapamycin	tenofovir_alafenamide	2	2
Rapamycin	carbamazepine	2	2
Rilpivirine	caffeine	2	2
Rilpivirine	succinic_acid	2	2
Rilpivirine	octyl_gallate	2	2
Rilpivirine	DL-malic_acid	2	2
Rilpivirine	adipic_acid	2	2
Rilpivirine	Triazabicyclodecene	2	2
Rilpivirine	DBU	2	2
Rilpivirine	L-asparagine	2	2
Rilpivirine	theobromine	2	2
Rilpivirine	3,3'-thiodipropionic_acid	2	2
Rilpivirine	theophylline	2	2
Rilpivirine	borneol	2	2
Rilpivirine	cinnamaldehyde	2	2
Rilpivirine	aspartame	2	2
Rilpivirine	squalene	2	2
Rilpivirine	benzaldehyde	2	2
Rilpivirine	sodium_deoxycholate	2	2
Rilpivirine	cholic_acid	2	2
Rilpivirine	glycocholic_acid	2	2
Rilpivirine	sucrose_octaacetate	2	2
Rilpivirine	trans_anethole	2	2
Rilpivirine	indomethacin	2	2
Rilpivirine	terpinyl_butyrate	2	2
Rilpivirine	hydrocortisone	2	2
Rilpivirine	candesartan_cilexetil	2	2
Rilpivirine	neohesperidin_DC	2	2
Rilpivirine	ursodiol	2	2
Rilpivirine	diclofenac	2	2
Rilpivirine	eucalyptol	2	2
Rilpivirine	beta_carotene	2	2
Rilpivirine	menthol	2	2
Rilpivirine	alpha-terpineol	2	2
Rilpivirine	fenchyl_alcohol	2	2
Rilpivirine	biotin	2	2
Rilpivirine	xylitol	2	2
Rilpivirine	trans-cinnamic_acid	2	2
Rilpivirine	thimerosal	2	2
Rilpivirine	tyramine	2	2
Rilpivirine	fumaric_acid	2	2
Rilpivirine	congo_red	2	2
Rilpivirine	vanillin	2	2
Rilpivirine	saccharin	2	2
Rilpivirine	allantoin	2	2
Rilpivirine	vitamin_A_palmitate	2	2
Rilpivirine	acetylcholine_chloride	2	2
Rilpivirine	dibutyl_phthalate	2	2
Rilpivirine	trometamol	2	2
Rilpivirine	benzoyl_peroxide	2	2
Rilpivirine	triethyl_citrate	2	2
Rilpivirine	triacetin	2	2
Rilpivirine	glycerol	2	2
Rilpivirine	propylene_glycol	2	2
Rilpivirine	mebendazole	2	2
Rilpivirine	L-proline	2	2
Rilpivirine	L-lysine	2	2
Rilpivirine	L-ascorbic_acid	2	2
Rilpivirine	stearic_acid	2	2
Rilpivirine	(R)-(+)-Limonene	2	2
Rilpivirine	meglumine	2	2
Rilpivirine	hydrochlorothiazide	2	2
Rilpivirine	ketoprofen	2	2
Rilpivirine	memantine_hydrochloride	2	2
Rilpivirine	naproxen_sodium	2	2
Rilpivirine	mannitol	2	2
Rilpivirine	D-sorbitol	2	2
Rilpivirine	tannic_acid	2	2
Rilpivirine	rhodamine_B	2	2
Rilpivirine	moxifloxacin	2	2
Rilpivirine	ciprofloxacin	2	2
Rilpivirine	certirizine	2	2
Rilpivirine	budesonide	2	2
Rilpivirine	etidronic_acid	2	2
Rilpivirine	emtricitabine	2	2
Rilpivirine	metoprolol(+)-tartrate	2	2
Rilpivirine	phenytoin	2	2
Rilpivirine	propranolol_hydrochloride	2	2
Rilpivirine	captan	2	2
Rilpivirine	neotame	2	2
Rilpivirine	alendronate_sodium	2	2
Rilpivirine	piroxicam	2	2
Rilpivirine	desipramine_hydrochloride	2	2
Rilpivirine	nadolol	2	2
Rilpivirine	omeprazole	2	2
Rilpivirine	labetalol_hydrochloride	2	2
Rilpivirine	prednisone	2	2
Rilpivirine	risperidone	2	2
Rilpivirine	fluconazole	2	2
Rilpivirine	methotrexate_hydrate	2	2
Rilpivirine	tenofovir_alafenamide	2	2
Rilpivirine	carbamazepine	2	2
Econazole	caffeine	2	2
Econazole	succinic_acid	2	2
Econazole	octyl_gallate	2	2
Econazole	DL-malic_acid	2	2
Econazole	adipic_acid	2	2
Econazole	Triazabicyclodecene	2	2
Econazole	DBU	2	2
Econazole	L-asparagine	2	2
Econazole	theobromine	2	2
Econazole	3,3'-thiodipropionic_acid	2	2
Econazole	theophylline	2	2
Econazole	borneol	2	2
Econazole	cinnamaldehyde	2	2
Econazole	aspartame	2	2
Econazole	squalene	2	2
Econazole	benzaldehyde	2	2
Econazole	sodium_deoxycholate	2	2
Econazole	cholic_acid	2	2
Econazole	glycocholic_acid	2	2
Econazole	sucrose_octaacetate	2	2
Econazole	trans_anethole	2	2
Econazole	indomethacin	2	2
Econazole	terpinyl_butyrate	2	2
Econazole	hydrocortisone	2	2
Econazole	candesartan_cilexetil	2	2
Econazole	neohesperidin_DC	2	2
Econazole	ursodiol	2	2
Econazole	diclofenac	2	2
Econazole	eucalyptol	2	2
Econazole	beta_carotene	2	2
Econazole	menthol	2	2
Econazole	alpha-terpineol	2	2
Econazole	fenchyl_alcohol	2	2
Econazole	biotin	2	2
Econazole	xylitol	2	2
Econazole	trans-cinnamic_acid	2	2
Econazole	thimerosal	2	2
Econazole	tyramine	2	2
Econazole	fumaric_acid	2	2
Econazole	congo_red	2	2
Econazole	vanillin	2	2
Econazole	saccharin	2	2
Econazole	allantoin	2	2
Econazole	vitamin_A_palmitate	2	2
Econazole	acetylcholine_chloride	2	2
Econazole	dibutyl_phthalate	2	2
Econazole	trometamol	2	2
Econazole	benzoyl_peroxide	2	2
Econazole	triethyl_citrate	2	2
Econazole	triacetin	2	2
Econazole	glycerol	2	2
Econazole	propylene_glycol	2	2
Econazole	mebendazole	2	2
Econazole	L-proline	2	2
Econazole	L-lysine	2	2
Econazole	L-ascorbic_acid	2	2
Econazole	stearic_acid	2	2
Econazole	(R)-(+)-Limonene	2	2
Econazole	meglumine	2	2
Econazole	hydrochlorothiazide	2	2
Econazole	ketoprofen	2	2
Econazole	memantine_hydrochloride	2	2
Econazole	naproxen_sodium	2	2
Econazole	mannitol	2	2
Econazole	D-sorbitol	2	2
Econazole	tannic_acid	2	2
Econazole	rhodamine_B	2	2
Econazole	moxifloxacin	2	2
Econazole	ciprofloxacin	2	2
Econazole	certirizine	2	2
Econazole	budesonide	2	2
Econazole	etidronic_acid	2	2
Econazole	emtricitabine	2	2
Econazole	metoprolol(+)-tartrate	2	2
Econazole	phenytoin	2	2
Econazole	propranolol_hydrochloride	2	2
Econazole	captan	2	2
Econazole	neotame	2	2
Econazole	alendronate_sodium	2	2
Econazole	piroxicam	2	2
Econazole	desipramine_hydrochloride	2	2
Econazole	nadolol	2	2
Econazole	omeprazole	2	2
Econazole	labetalol_hydrochloride	2	2
Econazole	prednisone	2	2
Econazole	risperidone	2	2
Econazole	fluconazole	2	2
Econazole	methotrexate_hydrate	2	2
Econazole	tenofovir_alafenamide	2	2
Econazole	carbamazepine	2	2
Chlorpromazine_Hcl	caffeine	2	2
Chlorpromazine_Hcl	succinic_acid	2	2
Chlorpromazine_Hcl	octyl_gallate	2	2
Chlorpromazine_Hcl	DL-malic_acid	2	2
Chlorpromazine_Hcl	adipic_acid	2	2
Chlorpromazine_Hcl	Triazabicyclodecene	2	2
Chlorpromazine_Hcl	DBU	2	2
Chlorpromazine_Hcl	L-asparagine	2	2
Chlorpromazine_Hcl	theobromine	2	2
Chlorpromazine_Hcl	3,3'-thiodipropionic_acid	2	2
Chlorpromazine_Hcl	theophylline	2	2
Chlorpromazine_Hcl	borneol	2	2
Chlorpromazine_Hcl	cinnamaldehyde	2	2
Chlorpromazine_Hcl	aspartame	2	2
Chlorpromazine_Hcl	squalene	2	2
Chlorpromazine_Hcl	benzaldehyde	2	2
Chlorpromazine_Hcl	sodium_deoxycholate	2	2
Chlorpromazine_Hcl	cholic_acid	2	2
Chlorpromazine_Hcl	glycocholic_acid	2	2
Chlorpromazine_Hcl	sucrose_octaacetate	2	2
Chlorpromazine_Hcl	trans_anethole	2	2
Chlorpromazine_Hcl	indomethacin	2	2
Chlorpromazine_Hcl	terpinyl_butyrate	2	2
Chlorpromazine_Hcl	hydrocortisone	2	2
Chlorpromazine_Hcl	candesartan_cilexetil	2	2
Chlorpromazine_Hcl	neohesperidin_DC	2	2
Chlorpromazine_Hcl	ursodiol	2	2
Chlorpromazine_Hcl	diclofenac	2	2
Chlorpromazine_Hcl	eucalyptol	2	2
Chlorpromazine_Hcl	beta_carotene	2	2
Chlorpromazine_Hcl	menthol	2	2
Chlorpromazine_Hcl	alpha-terpineol	2	2
Chlorpromazine_Hcl	fenchyl_alcohol	2	2
Chlorpromazine_Hcl	biotin	2	2
Chlorpromazine_Hcl	xylitol	2	2
Chlorpromazine_Hcl	trans-cinnamic_acid	2	2
Chlorpromazine_Hcl	thimerosal	2	2
Chlorpromazine_Hcl	tyramine	2	2
Chlorpromazine_Hcl	fumaric_acid	2	2
Chlorpromazine_Hcl	congo_red	2	2
Chlorpromazine_Hcl	vanillin	2	2
Chlorpromazine_Hcl	saccharin	2	2
Chlorpromazine_Hcl	allantoin	2	2
Chlorpromazine_Hcl	vitamin_A_palmitate	2	2
Chlorpromazine_Hcl	acetylcholine_chloride	2	2
Chlorpromazine_Hcl	dibutyl_phthalate	2	2
Chlorpromazine_Hcl	trometamol	2	2
Chlorpromazine_Hcl	benzoyl_peroxide	2	2
Chlorpromazine_Hcl	triethyl_citrate	2	2
Chlorpromazine_Hcl	triacetin	2	2
Chlorpromazine_Hcl	glycerol	2	2
Chlorpromazine_Hcl	propylene_glycol	2	2
Chlorpromazine_Hcl	mebendazole	2	2
Chlorpromazine_Hcl	L-proline	2	2
Chlorpromazine_Hcl	L-lysine	2	2
Chlorpromazine_Hcl	L-ascorbic_acid	2	2
Chlorpromazine_Hcl	stearic_acid	2	2
Chlorpromazine_Hcl	(R)-(+)-Limonene	2	2
Chlorpromazine_Hcl	meglumine	2	2
Chlorpromazine_Hcl	hydrochlorothiazide	2	2
Chlorpromazine_Hcl	ketoprofen	2	2
Chlorpromazine_Hcl	memantine_hydrochloride	2	2
Chlorpromazine_Hcl	naproxen_sodium	2	2
Chlorpromazine_Hcl	mannitol	2	2
Chlorpromazine_Hcl	D-sorbitol	2	2
Chlorpromazine_Hcl	tannic_acid	2	2
Chlorpromazine_Hcl	rhodamine_B	2	2
Chlorpromazine_Hcl	moxifloxacin	2	2
Chlorpromazine_Hcl	ciprofloxacin	2	2
Chlorpromazine_Hcl	certirizine	2	2
Chlorpromazine_Hcl	budesonide	2	2
Chlorpromazine_Hcl	etidronic_acid	2	2
Chlorpromazine_Hcl	emtricitabine	2	2
Chlorpromazine_Hcl	metoprolol(+)-tartrate	2	2
Chlorpromazine_Hcl	phenytoin	2	2
Chlorpromazine_Hcl	propranolol_hydrochloride	2	2
Chlorpromazine_Hcl	captan	2	2
Chlorpromazine_Hcl	neotame	2	2
Chlorpromazine_Hcl	alendronate_sodium	2	2
Chlorpromazine_Hcl	piroxicam	2	2
Chlorpromazine_Hcl	desipramine_hydrochloride	2	2
Chlorpromazine_Hcl	nadolol	2	2
Chlorpromazine_Hcl	omeprazole	2	2
Chlorpromazine_Hcl	labetalol_hydrochloride	2	2
Chlorpromazine_Hcl	prednisone	2	2
Chlorpromazine_Hcl	risperidone	2	2
Chlorpromazine_Hcl	fluconazole	2	2
Chlorpromazine_Hcl	methotrexate_hydrate	2	2
Chlorpromazine_Hcl	tenofovir_alafenamide	2	2
Chlorpromazine_Hcl	carbamazepine	2	2
Taxol	caffeine	2	2
Taxol	succinic_acid	2	2
Taxol	octyl_gallate	2	2
Taxol	DL-malic_acid	2	2
Taxol	adipic_acid	2	2
Taxol	Triazabicyclodecene	2	2
Taxol	DBU	2	2
Taxol	L-asparagine	2	2
Taxol	theobromine	2	2
Taxol	3,3'-thiodipropionic_acid	2	2
Taxol	theophylline	2	2
Taxol	borneol	2	2
Taxol	cinnamaldehyde	2	2
Taxol	aspartame	2	2
Taxol	squalene	2	2
Taxol	benzaldehyde	2	2
Taxol	sodium_deoxycholate	2	2
Taxol	cholic_acid	2	2
Taxol	glycocholic_acid	2	2
Taxol	sucrose_octaacetate	2	2
Taxol	trans_anethole	2	2
Taxol	indomethacin	2	2
Taxol	terpinyl_butyrate	2	2
Taxol	hydrocortisone	2	2
Taxol	candesartan_cilexetil	2	2
Taxol	neohesperidin_DC	2	2
Taxol	ursodiol	2	2
Taxol	diclofenac	2	2
Taxol	eucalyptol	2	2
Taxol	beta_carotene	2	2
Taxol	menthol	2	2
Taxol	alpha-terpineol	2	2
Taxol	fenchyl_alcohol	2	2
Taxol	biotin	2	2
Taxol	xylitol	2	2
Taxol	trans-cinnamic_acid	2	2
Taxol	thimerosal	2	2
Taxol	tyramine	2	2
Taxol	fumaric_acid	2	2
Taxol	congo_red	2	2
Taxol	vanillin	2	2
Taxol	saccharin	2	2
Taxol	allantoin	2	2
Taxol	vitamin_A_palmitate	2	2
Taxol	acetylcholine_chloride	2	2
Taxol	dibutyl_phthalate	2	2
Taxol	trometamol	2	2
Taxol	benzoyl_peroxide	2	2
Taxol	triethyl_citrate	2	2
Taxol	triacetin	2	2
Taxol	glycerol	2	2
Taxol	propylene_glycol	2	2
Taxol	mebendazole	2	2
Taxol	L-proline	2	2
Taxol	L-lysine	2	2
Taxol	L-ascorbic_acid	2	2
Taxol	stearic_acid	2	2
Taxol	(R)-(+)-Limonene	2	2
Taxol	meglumine	2	2
Taxol	hydrochlorothiazide	2	2
Taxol	ketoprofen	2	2
Taxol	memantine_hydrochloride	2	2
Taxol	naproxen_sodium	2	2
Taxol	mannitol	2	2
Taxol	D-sorbitol	2	2
Taxol	tannic_acid	2	2
Taxol	rhodamine_B	2	2
Taxol	moxifloxacin	2	2
Taxol	ciprofloxacin	2	2
Taxol	certirizine	2	2
Taxol	budesonide	2	2
Taxol	etidronic_acid	2	2
Taxol	emtricitabine	2	2
Taxol	metoprolol(+)-tartrate	2	2
Taxol	phenytoin	2	2
Taxol	propranolol_hydrochloride	2	2
Taxol	captan	2	2
Taxol	neotame	2	2
Taxol	alendronate_sodium	2	2
Taxol	piroxicam	2	2
Taxol	desipramine_hydrochloride	2	2
Taxol	nadolol	2	2
Taxol	omeprazole	2	2
Taxol	labetalol_hydrochloride	2	2
Taxol	prednisone	2	2
Taxol	risperidone	2	2
Taxol	fluconazole	2	2
Taxol	methotrexate_hydrate	2	2
Taxol	tenofovir_alafenamide	2	2
Taxol	carbamazepine	2	2
Physcion	caffeine	2	2
Physcion	succinic_acid	2	2
Physcion	octyl_gallate	2	2
Physcion	DL-malic_acid	2	2
Physcion	adipic_acid	2	2
Physcion	Triazabicyclodecene	2	2
Physcion	DBU	2	2
Physcion	L-asparagine	2	2
Physcion	theobromine	2	2
Physcion	3,3'-thiodipropionic_acid	2	2
Physcion	theophylline	2	2
Physcion	borneol	2	2
Physcion	cinnamaldehyde	2	2
Physcion	aspartame	2	2
Physcion	squalene	2	2
Physcion	benzaldehyde	2	2
Physcion	sodium_deoxycholate	2	2
Physcion	cholic_acid	2	2
Physcion	glycocholic_acid	2	2
Physcion	sucrose_octaacetate	2	2
Physcion	trans_anethole	2	2
Physcion	indomethacin	2	2
Physcion	terpinyl_butyrate	2	2
Physcion	hydrocortisone	2	2
Physcion	candesartan_cilexetil	2	2
Physcion	neohesperidin_DC	2	2
Physcion	ursodiol	2	2
Physcion	diclofenac	2	2
Physcion	eucalyptol	2	2
Physcion	beta_carotene	2	2
Physcion	menthol	2	2
Physcion	alpha-terpineol	2	2
Physcion	fenchyl_alcohol	2	2
Physcion	biotin	2	2
Physcion	xylitol	2	2
Physcion	trans-cinnamic_acid	2	2
Physcion	thimerosal	2	2
Physcion	tyramine	2	2
Physcion	fumaric_acid	2	2
Physcion	congo_red	2	2
Physcion	vanillin	2	2
Physcion	saccharin	2	2
Physcion	allantoin	2	2
Physcion	vitamin_A_palmitate	2	2
Physcion	acetylcholine_chloride	2	2
Physcion	dibutyl_phthalate	2	2
Physcion	trometamol	2	2
Physcion	benzoyl_peroxide	2	2
Physcion	triethyl_citrate	2	2
Physcion	triacetin	2	2
Physcion	glycerol	2	2
Physcion	propylene_glycol	2	2
Physcion	mebendazole	2	2
Physcion	L-proline	2	2
Physcion	L-lysine	2	2
Physcion	L-ascorbic_acid	2	2
Physcion	stearic_acid	2	2
Physcion	(R)-(+)-Limonene	2	2
Physcion	meglumine	2	2
Physcion	hydrochlorothiazide	2	2
Physcion	ketoprofen	2	2
Physcion	memantine_hydrochloride	2	2
Physcion	naproxen_sodium	2	2
Physcion	mannitol	2	2
Physcion	D-sorbitol	2	2
Physcion	tannic_acid	2	2
Physcion	rhodamine_B	2	2
Physcion	moxifloxacin	2	2
Physcion	ciprofloxacin	2	2
Physcion	certirizine	2	2
Physcion	budesonide	2	2
Physcion	etidronic_acid	2	2
Physcion	emtricitabine	2	2
Physcion	metoprolol(+)-tartrate	2	2
Physcion	phenytoin	2	2
Physcion	propranolol_hydrochloride	2	2
Physcion	captan	2	2
Physcion	neotame	2	2
Physcion	alendronate_sodium	2	2
Physcion	piroxicam	2	2
Physcion	desipramine_hydrochloride	2	2
Physcion	nadolol	2	2
Physcion	omeprazole	2	2
Physcion	labetalol_hydrochloride	2	2
Physcion	prednisone	2	2
Physcion	risperidone	2	2
Physcion	fluconazole	2	2
Physcion	methotrexate_hydrate	2	2
Physcion	tenofovir_alafenamide	2	2
Physcion	carbamazepine	2	2
Curcumine	caffeine	2	2
Curcumine	succinic_acid	2	2
Curcumine	octyl_gallate	2	2
Curcumine	DL-malic_acid	2	2
Curcumine	adipic_acid	2	2
Curcumine	Triazabicyclodecene	2	2
Curcumine	DBU	2	2
Curcumine	L-asparagine	2	2
Curcumine	theobromine	2	2
Curcumine	3,3'-thiodipropionic_acid	2	2
Curcumine	theophylline	2	2
Curcumine	borneol	2	2
Curcumine	cinnamaldehyde	2	2
Curcumine	aspartame	2	2
Curcumine	squalene	2	2
Curcumine	benzaldehyde	2	2
Curcumine	sodium_deoxycholate	2	2
Curcumine	cholic_acid	2	2
Curcumine	glycocholic_acid	2	2
Curcumine	sucrose_octaacetate	2	2
Curcumine	trans_anethole	2	2
Curcumine	indomethacin	2	2
Curcumine	terpinyl_butyrate	2	2
Curcumine	hydrocortisone	2	2
Curcumine	candesartan_cilexetil	2	2
Curcumine	neohesperidin_DC	2	2
Curcumine	ursodiol	2	2
Curcumine	diclofenac	2	2
Curcumine	eucalyptol	2	2
Curcumine	beta_carotene	2	2
Curcumine	menthol	2	2
Curcumine	alpha-terpineol	2	2
Curcumine	fenchyl_alcohol	2	2
Curcumine	biotin	2	2
Curcumine	xylitol	2	2
Curcumine	trans-cinnamic_acid	2	2
Curcumine	thimerosal	2	2
Curcumine	tyramine	2	2
Curcumine	fumaric_acid	2	2
Curcumine	congo_red	2	2
Curcumine	vanillin	2	2
Curcumine	saccharin	2	2
Curcumine	allantoin	2	2
Curcumine	vitamin_A_palmitate	2	2
Curcumine	acetylcholine_chloride	2	2
Curcumine	dibutyl_phthalate	2	2
Curcumine	trometamol	2	2
Curcumine	benzoyl_peroxide	2	2
Curcumine	triethyl_citrate	2	2
Curcumine	triacetin	2	2
Curcumine	glycerol	2	2
Curcumine	propylene_glycol	2	2
Curcumine	mebendazole	2	2
Curcumine	L-proline	2	2
Curcumine	L-lysine	2	2
Curcumine	L-ascorbic_acid	2	2
Curcumine	stearic_acid	2	2
Curcumine	(R)-(+)-Limonene	2	2
Curcumine	meglumine	2	2
Curcumine	hydrochlorothiazide	2	2
Curcumine	ketoprofen	2	2
Curcumine	memantine_hydrochloride	2	2
Curcumine	naproxen_sodium	2	2
Curcumine	mannitol	2	2
Curcumine	D-sorbitol	2	2
Curcumine	tannic_acid	2	2
Curcumine	rhodamine_B	2	2
Curcumine	moxifloxacin	2	2
Curcumine	ciprofloxacin	2	2
Curcumine	certirizine	2	2
Curcumine	budesonide	2	2
Curcumine	etidronic_acid	2	2
Curcumine	emtricitabine	2	2
Curcumine	metoprolol(+)-tartrate	2	2
Curcumine	phenytoin	2	2
Curcumine	propranolol_hydrochloride	2	2
Curcumine	captan	2	2
Curcumine	neotame	2	2
Curcumine	alendronate_sodium	2	2
Curcumine	piroxicam	2	2
Curcumine	desipramine_hydrochloride	2	2
Curcumine	nadolol	2	2
Curcumine	omeprazole	2	2
Curcumine	labetalol_hydrochloride	2	2
Curcumine	prednisone	2	2
Curcumine	risperidone	2	2
Curcumine	fluconazole	2	2
Curcumine	methotrexate_hydrate	2	2
Curcumine	tenofovir_alafenamide	2	2
Curcumine	carbamazepine	2	2
Etravirine	caffeine	2	2
Etravirine	succinic_acid	2	2
Etravirine	octyl_gallate	2	2
Etravirine	DL-malic_acid	2	2
Etravirine	adipic_acid	2	2
Etravirine	Triazabicyclodecene	2	2
Etravirine	DBU	2	2
Etravirine	L-asparagine	2	2
Etravirine	theobromine	2	2
Etravirine	3,3'-thiodipropionic_acid	2	2
Etravirine	theophylline	2	2
Etravirine	borneol	2	2
Etravirine	cinnamaldehyde	2	2
Etravirine	aspartame	2	2
Etravirine	squalene	2	2
Etravirine	benzaldehyde	2	2
Etravirine	sodium_deoxycholate	2	2
Etravirine	cholic_acid	2	2
Etravirine	glycocholic_acid	2	2
Etravirine	sucrose_octaacetate	2	2
Etravirine	trans_anethole	2	2
Etravirine	indomethacin	2	2
Etravirine	terpinyl_butyrate	2	2
Etravirine	hydrocortisone	2	2
Etravirine	candesartan_cilexetil	2	2
Etravirine	neohesperidin_DC	2	2
Etravirine	ursodiol	2	2
Etravirine	diclofenac	2	2
Etravirine	eucalyptol	2	2
Etravirine	beta_carotene	2	2
Etravirine	menthol	2	2
Etravirine	alpha-terpineol	2	2
Etravirine	fenchyl_alcohol	2	2
Etravirine	biotin	2	2
Etravirine	xylitol	2	2
Etravirine	trans-cinnamic_acid	2	2
Etravirine	thimerosal	2	2
Etravirine	tyramine	2	2
Etravirine	fumaric_acid	2	2
Etravirine	congo_red	2	2
Etravirine	vanillin	2	2
Etravirine	saccharin	2	2
Etravirine	allantoin	2	2
Etravirine	vitamin_A_palmitate	2	2
Etravirine	acetylcholine_chloride	2	2
Etravirine	dibutyl_phthalate	2	2
Etravirine	trometamol	2	2
Etravirine	benzoyl_peroxide	2	2
Etravirine	triethyl_citrate	2	2
Etravirine	triacetin	2	2
Etravirine	glycerol	2	2
Etravirine	propylene_glycol	2	2
Etravirine	mebendazole	2	2
Etravirine	L-proline	2	2
Etravirine	L-lysine	2	2
Etravirine	L-ascorbic_acid	2	2
Etravirine	stearic_acid	2	2
Etravirine	(R)-(+)-Limonene	2	2
Etravirine	meglumine	2	2
Etravirine	hydrochlorothiazide	2	2
Etravirine	ketoprofen	2	2
Etravirine	memantine_hydrochloride	2	2
Etravirine	naproxen_sodium	2	2
Etravirine	mannitol	2	2
Etravirine	D-sorbitol	2	2
Etravirine	tannic_acid	2	2
Etravirine	rhodamine_B	2	2
Etravirine	moxifloxacin	2	2
Etravirine	ciprofloxacin	2	2
Etravirine	certirizine	2	2
Etravirine	budesonide	2	2
Etravirine	etidronic_acid	2	2
Etravirine	emtricitabine	2	2
Etravirine	metoprolol(+)-tartrate	2	2
Etravirine	phenytoin	2	2
Etravirine	propranolol_hydrochloride	2	2
Etravirine	captan	2	2
Etravirine	neotame	2	2
Etravirine	alendronate_sodium	2	2
Etravirine	piroxicam	2	2
Etravirine	desipramine_hydrochloride	2	2
Etravirine	nadolol	2	2
Etravirine	omeprazole	2	2
Etravirine	labetalol_hydrochloride	2	2
Etravirine	prednisone	2	2
Etravirine	risperidone	2	2
Etravirine	fluconazole	2	2
Etravirine	methotrexate_hydrate	2	2
Etravirine	tenofovir_alafenamide	2	2
Etravirine	carbamazepine	2	2
Clofazimine	caffeine	2	2
Clofazimine	succinic_acid	2	2
Clofazimine	octyl_gallate	2	2
Clofazimine	DL-malic_acid	2	2
Clofazimine	adipic_acid	2	2
Clofazimine	Triazabicyclodecene	2	2
Clofazimine	DBU	2	2
Clofazimine	L-asparagine	2	2
Clofazimine	theobromine	2	2
Clofazimine	3,3'-thiodipropionic_acid	2	2
Clofazimine	theophylline	2	2
Clofazimine	borneol	2	2
Clofazimine	cinnamaldehyde	2	2
Clofazimine	aspartame	2	2
Clofazimine	squalene	2	2
Clofazimine	benzaldehyde	2	2
Clofazimine	sodium_deoxycholate	2	2
Clofazimine	cholic_acid	2	2
Clofazimine	glycocholic_acid	2	2
Clofazimine	sucrose_octaacetate	2	2
Clofazimine	trans_anethole	2	2
Clofazimine	indomethacin	2	2
Clofazimine	terpinyl_butyrate	2	2
Clofazimine	hydrocortisone	2	2
Clofazimine	candesartan_cilexetil	2	2
Clofazimine	neohesperidin_DC	2	2
Clofazimine	ursodiol	2	2
Clofazimine	diclofenac	2	2
Clofazimine	eucalyptol	2	2
Clofazimine	beta_carotene	2	2
Clofazimine	menthol	2	2
Clofazimine	alpha-terpineol	2	2
Clofazimine	fenchyl_alcohol	2	2
Clofazimine	biotin	2	2
Clofazimine	xylitol	2	2
Clofazimine	trans-cinnamic_acid	2	2
Clofazimine	thimerosal	2	2
Clofazimine	tyramine	2	2
Clofazimine	fumaric_acid	2	2
Clofazimine	congo_red	2	2
Clofazimine	vanillin	2	2
Clofazimine	saccharin	2	2
Clofazimine	allantoin	2	2
Clofazimine	vitamin_A_palmitate	2	2
Clofazimine	acetylcholine_chloride	2	2
Clofazimine	dibutyl_phthalate	2	2
Clofazimine	trometamol	2	2
Clofazimine	benzoyl_peroxide	2	2
Clofazimine	triethyl_citrate	2	2
Clofazimine	triacetin	2	2
Clofazimine	glycerol	2	2
Clofazimine	propylene_glycol	2	2
Clofazimine	mebendazole	2	2
Clofazimine	L-proline	2	2
Clofazimine	L-lysine	2	2
Clofazimine	L-ascorbic_acid	2	2
Clofazimine	stearic_acid	2	2
Clofazimine	(R)-(+)-Limonene	2	2
Clofazimine	meglumine	2	2
Clofazimine	hydrochlorothiazide	2	2
Clofazimine	ketoprofen	2	2
Clofazimine	memantine_hydrochloride	2	2
Clofazimine	naproxen_sodium	2	2
Clofazimine	mannitol	2	2
Clofazimine	D-sorbitol	2	2
Clofazimine	tannic_acid	2	2
Clofazimine	rhodamine_B	2	2
Clofazimine	moxifloxacin	2	2
Clofazimine	ciprofloxacin	2	2
Clofazimine	certirizine	2	2
Clofazimine	budesonide	2	2
Clofazimine	etidronic_acid	2	2
Clofazimine	emtricitabine	2	2
Clofazimine	metoprolol(+)-tartrate	2	2
Clofazimine	phenytoin	2	2
Clofazimine	propranolol_hydrochloride	2	2
Clofazimine	captan	2	2
Clofazimine	neotame	2	2
Clofazimine	alendronate_sodium	2	2
Clofazimine	piroxicam	2	2
Clofazimine	desipramine_hydrochloride	2	2
Clofazimine	nadolol	2	2
Clofazimine	omeprazole	2	2
Clofazimine	labetalol_hydrochloride	2	2
Clofazimine	prednisone	2	2
Clofazimine	risperidone	2	2
Clofazimine	fluconazole	2	2
Clofazimine	methotrexate_hydrate	2	2
Clofazimine	tenofovir_alafenamide	2	2
Clofazimine	carbamazepine	2	2
Pranlukast	caffeine	2	2
Pranlukast	succinic_acid	2	2
Pranlukast	octyl_gallate	2	2
Pranlukast	DL-malic_acid	2	2
Pranlukast	adipic_acid	2	2
Pranlukast	Triazabicyclodecene	2	2
Pranlukast	DBU	2	2
Pranlukast	L-asparagine	2	2
Pranlukast	theobromine	2	2
Pranlukast	3,3'-thiodipropionic_acid	2	2
Pranlukast	theophylline	2	2
Pranlukast	borneol	2	2
Pranlukast	cinnamaldehyde	2	2
Pranlukast	aspartame	2	2
Pranlukast	squalene	2	2
Pranlukast	benzaldehyde	2	2
Pranlukast	sodium_deoxycholate	2	2
Pranlukast	cholic_acid	2	2
Pranlukast	glycocholic_acid	2	2
Pranlukast	sucrose_octaacetate	2	2
Pranlukast	trans_anethole	2	2
Pranlukast	indomethacin	2	2
Pranlukast	terpinyl_butyrate	2	2
Pranlukast	hydrocortisone	2	2
Pranlukast	candesartan_cilexetil	2	2
Pranlukast	neohesperidin_DC	2	2
Pranlukast	ursodiol	2	2
Pranlukast	diclofenac	2	2
Pranlukast	eucalyptol	2	2
Pranlukast	beta_carotene	2	2
Pranlukast	menthol	2	2
Pranlukast	alpha-terpineol	2	2
Pranlukast	fenchyl_alcohol	2	2
Pranlukast	biotin	2	2
Pranlukast	xylitol	2	2
Pranlukast	trans-cinnamic_acid	2	2
Pranlukast	thimerosal	2	2
Pranlukast	tyramine	2	2
Pranlukast	fumaric_acid	2	2
Pranlukast	congo_red	2	2
Pranlukast	vanillin	2	2
Pranlukast	saccharin	2	2
Pranlukast	allantoin	2	2
Pranlukast	vitamin_A_palmitate	2	2
Pranlukast	acetylcholine_chloride	2	2
Pranlukast	dibutyl_phthalate	2	2
Pranlukast	trometamol	2	2
Pranlukast	benzoyl_peroxide	2	2
Pranlukast	triethyl_citrate	2	2
Pranlukast	triacetin	2	2
Pranlukast	glycerol	2	2
Pranlukast	propylene_glycol	2	2
Pranlukast	mebendazole	2	2
Pranlukast	L-proline	2	2
Pranlukast	L-lysine	2	2
Pranlukast	L-ascorbic_acid	2	2
Pranlukast	stearic_acid	2	2
Pranlukast	(R)-(+)-Limonene	2	2
Pranlukast	meglumine	2	2
Pranlukast	hydrochlorothiazide	2	2
Pranlukast	ketoprofen	2	2
Pranlukast	memantine_hydrochloride	2	2
Pranlukast	naproxen_sodium	2	2
Pranlukast	mannitol	2	2
Pranlukast	D-sorbitol	2	2
Pranlukast	tannic_acid	2	2
Pranlukast	rhodamine_B	2	2
Pranlukast	moxifloxacin	2	2
Pranlukast	ciprofloxacin	2	2
Pranlukast	certirizine	2	2
Pranlukast	budesonide	2	2
Pranlukast	etidronic_acid	2	2
Pranlukast	emtricitabine	2	2
Pranlukast	metoprolol(+)-tartrate	2	2
Pranlukast	phenytoin	2	2
Pranlukast	propranolol_hydrochloride	2	2
Pranlukast	captan	2	2
Pranlukast	neotame	2	2
Pranlukast	alendronate_sodium	2	2
Pranlukast	piroxicam	2	2
Pranlukast	desipramine_hydrochloride	2	2
Pranlukast	nadolol	2	2
Pranlukast	omeprazole	2	2
Pranlukast	labetalol_hydrochloride	2	2
Pranlukast	prednisone	2	2
Pranlukast	risperidone	2	2
Pranlukast	fluconazole	2	2
Pranlukast	methotrexate_hydrate	2	2
Pranlukast	tenofovir_alafenamide	2	2
Pranlukast	carbamazepine	2	2
